timestamp,uptime_s,rss_bytes,heap_committed,fd_count,query_count,query_max_us
1784989761,5,13991936,15728640,17,1,1334738
1784989771,15,17973248,15728640,17,21,1334738
1784989782,25,18038784,15728640,17,41,1334738
1784989794,40,18120704,15728640,17,71,1334738
1784989806,50,18169856,15728640,17,94,1334738
1784989818,60,18661376,15728640,17,116,1334738
1784989829,75,18677760,15728640,17,146,1334738
1784989841,85,18710528,15728640,17,166,1334738
1784989853,95,18710528,15728640,17,191,1334738
1784989865,110,18726912,15728640,17,221,1334738
1784989876,120,18743296,15728640,17,241,1334738
1784989911,155,18776064,15728640,17,256,1334738
1784989957,200,17776640,15728640,17,256,1334738
