timestamp,tool,duration_ms,exit_code
1784988720,index_repository,1384,0
1784988726,search_graph,53,0
1784988727,query_graph,44,0
1784988727,trace_path,47,0
1784988727,get_code_snippet,46,0
1784988727,search_code,60,0
1784988729,search_graph,48,0
1784988729,query_graph,36,0
1784988729,trace_path,42,0
1784988729,get_code_snippet,46,0
1784988729,search_code,52,0
1784988731,search_graph,53,0
1784988731,query_graph,37,0
1784988731,trace_path,45,0
1784988731,get_code_snippet,40,0
1784988731,search_code,55,0
1784988733,search_graph,46,0
1784988734,query_graph,35,0
1784988734,trace_path,46,0
1784988734,get_code_snippet,44,0
1784988734,search_code,56,0
1784988736,search_graph,48,0
1784988736,query_graph,48,0
1784988736,trace_path,37,0
1784988736,get_code_snippet,43,0
1784988736,search_code,46,0
1784988738,search_graph,44,0
1784988738,query_graph,36,0
1784988738,trace_path,47,0
1784988738,get_code_snippet,43,0
1784988738,search_code,54,0
1784988740,search_graph,50,0
1784988741,query_graph,44,0
1784988741,trace_path,44,0
1784988741,get_code_snippet,41,0
1784988741,search_code,54,0
1784988743,search_graph,47,0
1784988743,query_graph,41,0
1784988743,trace_path,45,0
1784988743,get_code_snippet,41,0
1784988743,search_code,58,0
1784988745,search_graph,53,0
1784988745,query_graph,43,0
1784988745,trace_path,42,0
1784988745,get_code_snippet,48,0
1784988745,search_code,55,0
1784988748,search_graph,52,0
1784988748,query_graph,40,0
1784988748,trace_path,43,0
1784988748,get_code_snippet,44,0
1784988748,search_code,54,0
1784988750,search_graph,56,0
1784988750,query_graph,41,0
1784988750,trace_path,43,0
1784988750,get_code_snippet,42,0
1784988750,search_code,52,0
1784988752,search_graph,54,0
1784988752,query_graph,40,0
1784988752,trace_path,42,0
1784988752,get_code_snippet,38,0
1784988752,search_code,55,0
1784988755,search_graph,49,0
1784988755,query_graph,38,0
1784988755,trace_path,41,0
1784988755,get_code_snippet,42,0
1784988755,search_code,53,0
1784988757,search_graph,51,0
1784988757,query_graph,42,0
1784988757,trace_path,41,0
1784988757,get_code_snippet,42,0
1784988757,search_code,53,0
1784988759,search_graph,45,0
1784988759,query_graph,41,0
1784988759,trace_path,44,0
1784988759,get_code_snippet,39,0
1784988759,search_code,55,0
1784988762,search_graph,59,0
1784988762,query_graph,39,0
1784988762,trace_path,41,0
1784988762,get_code_snippet,42,0
1784988762,search_code,53,0
1784988764,search_graph,55,0
1784988764,query_graph,36,0
1784988764,trace_path,40,0
1784988764,get_code_snippet,46,0
1784988764,search_code,52,0
1784988766,search_graph,44,0
1784988766,query_graph,38,0
1784988766,trace_path,46,0
1784988766,get_code_snippet,42,0
1784988767,search_code,57,0
1784988769,search_graph,52,0
1784988769,query_graph,38,0
1784988769,trace_path,46,0
1784988769,get_code_snippet,41,0
1784988769,search_code,54,0
1784988771,search_graph,50,0
1784988771,query_graph,38,0
1784988771,trace_path,42,0
1784988771,get_code_snippet,45,0
1784988771,search_code,52,0
1784988773,search_graph,50,0
1784988773,query_graph,39,0
1784988773,trace_path,46,0
1784988774,get_code_snippet,46,0
1784988774,search_code,54,0
1784988776,search_graph,50,0
1784988776,query_graph,37,0
1784988776,trace_path,46,0
1784988776,get_code_snippet,43,0
1784988776,search_code,58,0
1784988778,search_graph,45,0
1784988778,query_graph,36,0
1784988778,trace_path,46,0
1784988778,get_code_snippet,40,0
1784988778,search_code,52,0
1784988780,search_graph,45,0
1784988780,query_graph,39,0
1784988780,trace_path,41,0
1784988781,get_code_snippet,44,0
1784988781,search_code,56,0
1784988783,search_graph,54,0
1784988783,query_graph,48,0
1784988783,trace_path,43,0
1784988783,get_code_snippet,44,0
1784988783,search_code,57,0
1784988785,search_graph,54,0
1784988785,query_graph,40,0
1784988785,trace_path,40,0
1784988785,get_code_snippet,42,0
1784988785,search_code,52,0
1784988787,search_graph,53,0
1784988787,query_graph,39,0
1784988788,trace_path,43,0
1784988788,get_code_snippet,42,0
1784988788,search_code,53,0
1784988790,search_graph,48,0
1784988790,query_graph,48,0
1784988790,trace_path,44,0
1784988790,get_code_snippet,41,0
1784988790,search_code,56,0
1784988792,search_graph,55,0
1784988792,query_graph,39,0
1784988792,trace_path,40,0
1784988792,get_code_snippet,43,0
1784988792,search_code,56,0
1784988794,search_graph,52,0
1784988795,query_graph,37,0
1784988795,trace_path,38,0
1784988795,get_code_snippet,41,0
1784988795,search_code,58,0
1784988797,search_graph,56,0
1784988797,query_graph,49,0
1784988797,trace_path,45,0
1784988797,get_code_snippet,43,0
1784988797,search_code,54,0
1784988799,search_graph,54,0
1784988799,query_graph,36,0
1784988799,trace_path,45,0
1784988799,get_code_snippet,42,0
1784988799,search_code,56,0
1784988802,search_graph,53,0
1784988802,query_graph,40,0
1784988802,trace_path,42,0
1784988802,get_code_snippet,44,0
1784988802,search_code,48,0
1784988804,search_graph,51,0
1784988804,query_graph,35,0
1784988804,trace_path,45,0
1784988804,get_code_snippet,45,0
1784988804,search_code,54,0
1784988806,search_graph,60,0
1784988806,query_graph,38,0
1784988806,trace_path,40,0
1784988806,get_code_snippet,47,0
1784988806,search_code,51,0
1784988809,search_graph,55,0
1784988809,query_graph,40,0
1784988809,trace_path,39,0
1784988809,get_code_snippet,41,0
1784988809,search_code,54,0
1784988811,search_graph,49,0
1784988811,query_graph,39,0
1784988811,trace_path,41,0
1784988811,get_code_snippet,46,0
1784988811,search_code,56,0
1784988813,search_graph,45,0
1784988813,query_graph,37,0
1784988813,trace_path,46,0
1784988813,get_code_snippet,45,0
1784988813,search_code,54,0
1784988816,search_graph,46,0
1784988816,query_graph,45,0
1784988816,trace_path,40,0
1784988816,get_code_snippet,43,0
1784988816,search_code,52,0
1784988818,search_graph,52,0
1784988818,query_graph,46,0
1784988818,trace_path,45,0
1784988818,get_code_snippet,41,0
1784988818,search_code,54,0
1784988820,search_graph,51,0
1784988820,query_graph,44,0
1784988820,trace_path,41,0
1784988820,get_code_snippet,43,0
1784988821,search_code,55,0
1784988823,search_graph,51,0
1784988823,query_graph,45,0
1784988823,trace_path,44,0
1784988823,get_code_snippet,40,0
1784988823,search_code,55,0
1784988825,search_graph,46,0
1784988825,query_graph,41,0
1784988825,trace_path,43,0
1784988825,get_code_snippet,42,0
1784988825,search_code,51,0
1784988827,search_graph,49,0
1784988827,query_graph,47,0
1784988827,trace_path,46,0
1784988828,get_code_snippet,40,0
1784988828,search_code,55,0
1784988830,search_graph,51,0
1784988830,query_graph,47,0
1784988830,trace_path,44,0
1784988830,get_code_snippet,42,0
1784988830,search_code,54,0
1784988832,search_graph,45,0
1784988832,query_graph,37,0
1784988832,trace_path,41,0
1784988832,get_code_snippet,41,0
1784988832,search_code,54,0
1784988834,search_graph,47,0
1784988834,query_graph,41,0
1784988834,trace_path,45,0
1784988835,get_code_snippet,43,0
1784988835,search_code,54,0
1784988837,search_graph,53,0
1784988837,query_graph,47,0
1784988837,trace_path,42,0
1784988837,get_code_snippet,39,0
1784988837,search_code,52,0
1784988839,search_graph,58,0
1784988839,query_graph,42,0
1784988839,trace_path,45,0
1784988839,get_code_snippet,45,0
1784988839,search_code,52,0
1784988841,search_graph,46,0
1784988841,query_graph,39,0
1784988841,trace_path,41,0
1784988842,get_code_snippet,40,0
1784988842,search_code,52,0
1784988844,search_graph,53,0
1784988844,query_graph,39,0
1784988844,trace_path,40,0
1784988844,get_code_snippet,43,0
1784988844,search_code,55,0
